<?xml version="1.0" encoding="UTF-8"?>
<beans xmlns="http://www.springframework.org/schema/beans"
	xmlns:xsi="http://www.w3.org/2001/XMLSchema-instance" xmlns:context="http://www.springframework.org/schema/context"
	xmlns:mvc="http://www.springframework.org/schema/mvc" xmlns:aop="http://www.springframework.org/schema/aop"
	xmlns:tx="http://www.springframework.org/schema/tx"
	xmlns:security="http://www.springframework.org/schema/security"
	xsi:schemaLocation="
		http://www.springframework.org/schema/beans	http://www.springframework.org/schema/beans/spring-beans-3.0.xsd
		http://www.springframework.org/schema/context http://www.springframework.org/schema/context/spring-context-3.0.xsd
		http://www.springframework.org/schema/mvc http://www.springframework.org/schema/mvc/spring-mvc-3.0.xsd
	    http://www.springframework.org/schema/tx http://www.springframework.org/schema/tx/spring-tx-3.0.xsd
	    http://www.springframework.org/schema/aop http://www.springframework.org/schema/aop/spring-aop-3.0.xsd
	    http://www.springframework.org/schema/security http://www.springframework.org/schema/security/spring-security-3.0.xsd">

	<bean
		class="org.springframework.web.servlet.view.InternalResourceViewResolver">
		<property name="prefix" value="/WEB-INF/views/" />
		<property name="suffix" value=".jsp" />
	</bean>
	
	<context:component-scan base-package="br.com.blog" />
	
	<mvc:annotation-driven/>
	
	<bean id="sessionFactory" class="org.springframework.orm.hibernate3.annotation.AnnotationSessionFactoryBean"
		destroy-method="destroy">
		
		<property name="hibernateProperties">
			<props>
				<prop key="hibernate.connection.url">jdbc:mysql://localhost:3306/blog</prop>
				<prop key="hibernate.connection.driver_class">com.mysql.jdbc.Driver</prop>
				<prop key="hibernate.connection.username">root</prop>
				<prop key="hibernate.connection.password"></prop>
				
				<prop key="hibernate.dialect">org.hibernate.dialect.MySQL5InnoDBDialect</prop>

				<prop key="hibernate.show_sql">true</prop>
				<prop key="hibernate.format_sql">true</prop>
				<prop key="hibernate.hbm2ddl.auto">update</prop>
			</props>
		</property>
		
		<property name="annotatedClasses">
			<list>
				<value>br.com.blog.model.Assunto</value>
				<value>br.com.blog.model.Comentario</value>		
				<value>br.com.blog.model.Materia</value>		
			</list>
		</property>
	</bean>
	
	<bean id="transactionManager"
		class="org.springframework.orm.hibernate3.HibernateTransactionManager">
		
		<property name="sessionFactory" ref="sessionFactory"></property>
	</bean>
	
	<tx:annotation-driven/>
	
	<bean id="validator"
		class="org.springframework.validation.beanvalidation.LocalValidatorFactoryBean"/>
		
	<bean id="messageSource" 
		class="org.springframework.context.support.ReloadableResourceBundleMessageSource">
		<property name="basename" value="/WEB-INF/i18n/messages" />
	</bean>
	
	<!-- 
	<security:authentication-manager>
		<security:authentication-provider user-service-ref="usuarioHibernateDAO"/>
	</security:authentication-manager>
	
	<security:http auto-config="true">
		<security:intercept-url pattern="/produtos/**" access="ROLE_USER"/>
		<security:form-login 
			login-page="/security/login" 
			always-use-default-target="true" 
			default-target-url="/produtos/listar" 
			login-processing-url="/security/validar"/>
		<security:logout logout-url="/logout" logout-success-url="/login"/>
	</security:http>
	 -->
		
</beans>
